Tipo Uva,tn/Lote,Dia optimo cosecha estimado inicialmente,Prob de lluvia (seca a lluvia),Prob de lluvia (lluvia a lluvia),usd Compra Futuro/ kg uva
C1,333.6818181818182,103.25454545454545,0.41163636363636347,0.44618181818181823,0.5422363636363637
C2,323.475,97.82,0.39519999999999994,0.45740000000000003,0.4076200000000001
C3,320.0,95.87179487179488,0.3966666666666668,0.444871794871795,0.5949743589743591
C4,292.8488372093023,101.95348837209302,0.3909302325581395,0.44534883720930235,0.2711860465116279
C5,375.7758620689655,104.10344827586206,0.39982758620689657,0.44965517241379305,0.8118620689655172
C6,332.5833333333333,99.64444444444445,0.4164444444444445,0.46755555555555545,0.3524666666666667
